"","workerData","model","softness","obedience","alpha","type","cross_validated","Nr"
"1",0.52813443223663,0.333333333333333,"0","0",NA,"simpleRSA","no",1
"2",0.2348973992663,0.333333333333333,"0","0",NA,"simpleRSA","no",1
"3",0.23696816849707,0.333333333333333,"0","0",NA,"simpleRSA","no",1
"4",0.591249030105686,0.333333333333333,"0","0",NA,"simpleRSA","no",1
"5",0.207154715716388,0.333333333333333,"0","0",NA,"simpleRSA","no",1
"6",0.201596254177926,0.333333333333333,"0","0",NA,"simpleRSA","no",1
"7",0.641412044794741,0.5,"0","0",NA,"simpleRSA","no",1
"8",0.358587955205259,0.5,"0","0",NA,"simpleRSA","no",1
"9",0.553668707729589,0.333333333333333,"0","0",NA,"simpleRSA","no",1
"10",0.229181461352053,0.333333333333333,"0","0",NA,"simpleRSA","no",1
"11",0.217149830918357,0.333333333333333,"0","0",NA,"simpleRSA","no",1
"12",0.687253842988556,0.5,"0","0",NA,"simpleRSA","no",1
"13",0.312746157011444,0.5,"0","0",NA,"simpleRSA","no",1
"14",0.664840132931327,0.5,"0","0",NA,"simpleRSA","no",1
"15",0.335159867068673,0.5,"0","0",NA,"simpleRSA","no",1
"16",0.624021260423737,0.5,"0","0",NA,"simpleRSA","no",1
"17",0.375978739576263,0.5,"0","0",NA,"simpleRSA","no",1
"18",0.48851529838035,0.333333333333333,"0","0",NA,"simpleRSA","no",1
"19",0.24595646206283,0.333333333333333,"0","0",NA,"simpleRSA","no",1
"20",0.26552823955682,0.333333333333333,"0","0",NA,"simpleRSA","no",1
"21",0.67750013000299,0.5,"0","0",NA,"simpleRSA","no",1
"22",0.32249986999701,0.5,"0","0",NA,"simpleRSA","no",1
"23",0.63751035000075,0.5,"0","0",NA,"simpleRSA","no",1
"24",0.36248964999925,0.5,"0","0",NA,"simpleRSA","no",1
"25",0.533657351422031,0.5,"0","0",NA,"simpleRSA","no",1
"26",0.466342648577969,0.5,"0","0",NA,"simpleRSA","no",1
"27",0.59451121856879,0.5,"0","0",NA,"simpleRSA","no",1
"28",0.40548878143121,0.5,"0","0",NA,"simpleRSA","no",1
"29",0.684515798686279,0.5,"0","0",NA,"simpleRSA","no",1
"30",0.315484201313721,0.5,"0","0",NA,"simpleRSA","no",1
"31",0.696586845262322,0.5,"0","0",NA,"simpleRSA","no",1
"32",0.303413154737678,0.5,"0","0",NA,"simpleRSA","no",1
"33",0.600925666666667,0.333333333333333,"0","0",NA,"simpleRSA","no",1
"34",0.188888666666667,0.333333333333333,"0","0",NA,"simpleRSA","no",1
"35",0.210185666666667,0.333333333333333,"0","0",NA,"simpleRSA","no",1
"36",0.686344961611835,0.5,"0","0",NA,"simpleRSA","no",1
"37",0.313655038388165,0.5,"0","0",NA,"simpleRSA","no",1
"38",0.672962417484916,0.5,"0","0",NA,"simpleRSA","no",1
"39",0.327037582515084,0.5,"0","0",NA,"simpleRSA","no",1
"40",0.588192659706597,0.333333333333333,"0","0",NA,"simpleRSA","no",1
"41",0.175201348306816,0.333333333333333,"0","0",NA,"simpleRSA","no",1
"42",0.236605991986587,0.333333333333333,"0","0",NA,"simpleRSA","no",1
"43",0.575310685993527,0.333333333333333,"0","0",NA,"simpleRSA","no",1
"44",0.213655004830048,0.333333333333333,"0","0",NA,"simpleRSA","no",1
"45",0.211034309176425,0.333333333333333,"0","0",NA,"simpleRSA","no",1
"46",0.571992130353344,0.5,"0","0",NA,"simpleRSA","no",1
"47",0.428007869646656,0.5,"0","0",NA,"simpleRSA","no",1
"48",0.426702113174978,0.333333333333333,"0","0",NA,"simpleRSA","no",1
"49",0.283784314766225,0.333333333333333,"0","0",NA,"simpleRSA","no",1
"50",0.289513572058798,0.333333333333333,"0","0",NA,"simpleRSA","no",1
"51",0.601794746733083,0.5,"0","0",NA,"simpleRSA","no",1
"52",0.398205253266917,0.5,"0","0",NA,"simpleRSA","no",1
"53",0.65516909770206,0.5,"0","0",NA,"simpleRSA","no",1
"54",0.34483090229794,0.5,"0","0",NA,"simpleRSA","no",1
"55",0.619910468410183,0.5,"0","0",NA,"simpleRSA","no",1
"56",0.380089531589817,0.5,"0","0",NA,"simpleRSA","no",1
"57",0.456091032610326,0.333333333333333,"0","0",NA,"simpleRSA","no",1
"58",0.274572608694837,0.333333333333333,"0","0",NA,"simpleRSA","no",1
"59",0.269336358694837,0.333333333333333,"0","0",NA,"simpleRSA","no",1
"60",0.653236342730355,0.5,"0","0",NA,"simpleRSA","no",1
"61",0.346763657269645,0.5,"0","0",NA,"simpleRSA","no",1
"62",0.703176179662245,0.5,"0","0",NA,"simpleRSA","no",1
"63",0.296823820337755,0.5,"0","0",NA,"simpleRSA","no",1
"64",0.67735204495902,0.5,"0","0",NA,"simpleRSA","no",1
"65",0.32264795504098,0.5,"0","0",NA,"simpleRSA","no",1
"66",0.649999355003397,0.5,"0","0",NA,"simpleRSA","no",1
"67",0.350000644996602,0.5,"0","0",NA,"simpleRSA","no",1
"68",0.589200502932817,0.5,"0","0",NA,"simpleRSA","no",1
"69",0.410799497067183,0.5,"0","0",NA,"simpleRSA","no",1
"70",0.585121371681928,0.5,"0","0",NA,"simpleRSA","no",1
"71",0.414878628318072,0.5,"0","0",NA,"simpleRSA","no",1
"72",0.554576123612118,0.333333333333333,"0","0",NA,"simpleRSA","no",1
"73",0.223159455995736,0.333333333333333,"0","0",NA,"simpleRSA","no",1
"74",0.222264420392145,0.333333333333333,"0","0",NA,"simpleRSA","no",1
"75",0.681702979277588,0.5,"0","0",NA,"simpleRSA","no",1
"76",0.318297020722412,0.5,"0","0",NA,"simpleRSA","no",1
"77",0.517007003566104,0.5,"0","0",NA,"simpleRSA","no",1
"78",0.482992996433896,0.5,"0","0",NA,"simpleRSA","no",1
"79",0.595630310406926,0.66667,"0","0",NA,"simpleRSA","no",1
"80",0.148041477522965,0,"0","0",NA,"simpleRSA","no",1
"81",0.256328212070108,0.33333,"0","0",NA,"simpleRSA","no",1
"82",0.649204319355159,0.66667,"0","0",NA,"simpleRSA","no",1
"83",0.124610578401297,0,"0","0",NA,"simpleRSA","no",1
"84",0.226185102243544,0.33333,"0","0",NA,"simpleRSA","no",1
"85",0.815307375868863,1,"0","0",NA,"simpleRSA","no",1
"86",0.184692624131137,0,"0","0",NA,"simpleRSA","no",1
"87",0.58513879002059,0.66667,"0","0",NA,"simpleRSA","no",1
"88",0.170989513527867,0,"0","0",NA,"simpleRSA","no",1
"89",0.243871696451543,0.33333,"0","0",NA,"simpleRSA","no",1
"90",0.790544454058774,1,"0","0",NA,"simpleRSA","no",1
"91",0.209455545941226,0,"0","0",NA,"simpleRSA","no",1
"92",0.808938743126552,1,"0","0",NA,"simpleRSA","no",1
"93",0.191061256873448,0,"0","0",NA,"simpleRSA","no",1
"94",0.648721418559514,0.5,"0","0",NA,"simpleRSA","no",1
"95",0.351278581440486,0.5,"0","0",NA,"simpleRSA","no",1
"96",0.666715648066873,0.66667,"0","0",NA,"simpleRSA","no",1
"97",0.114112660082399,0,"0","0",NA,"simpleRSA","no",1
"98",0.219171691850728,0.33333,"0","0",NA,"simpleRSA","no",1
"99",0.663770878169996,0.5,"0","0",NA,"simpleRSA","no",1
"100",0.336229121830004,0.5,"0","0",NA,"simpleRSA","no",1
"101",0.846861990650198,1,"0","0",NA,"simpleRSA","no",1
"102",0.153138009349802,0,"0","0",NA,"simpleRSA","no",1
"103",0.64303714749452,0.5,"0","0",NA,"simpleRSA","no",1
"104",0.35696285250548,0.5,"0","0",NA,"simpleRSA","no",1
"105",0.65894386044953,0.5,"0","0",NA,"simpleRSA","no",1
"106",0.34105613955047,0.5,"0","0",NA,"simpleRSA","no",1
"107",0.646139456969184,0.5,"0","0",NA,"simpleRSA","no",1
"108",0.353860543030816,0.5,"0","0",NA,"simpleRSA","no",1
"109",0.788195039941917,1,"0","0",NA,"simpleRSA","no",1
"110",0.211804960058083,0,"0","0",NA,"simpleRSA","no",1
"111",0.793644744706402,1,"0","0",NA,"simpleRSA","no",1
"112",0.206355255293598,0,"0","0",NA,"simpleRSA","no",1
"113",0.607004268693263,0.66667,"0","0",NA,"simpleRSA","no",1
"114",0.151339870892756,0,"0","0",NA,"simpleRSA","no",1
"115",0.241655860413981,0.33333,"0","0",NA,"simpleRSA","no",1
"116",0.824348176722902,1,"0","0",NA,"simpleRSA","no",1
"117",0.175651823277098,0,"0","0",NA,"simpleRSA","no",1
"118",0.763842710298115,1,"0","0",NA,"simpleRSA","no",1
"119",0.236157289701885,0,"0","0",NA,"simpleRSA","no",1
"120",0.783633048108039,1,"0","0",NA,"simpleRSA","no",1
"121",0.216366951891961,0,"0","0",NA,"simpleRSA","no",1
"122",0.784776951677257,1,"0","0",NA,"simpleRSA","no",1
"123",0.215223048322743,0,"0","0",NA,"simpleRSA","no",1
"124",0.659591253593314,0.66667,"0","0",NA,"simpleRSA","no",1
"125",0.12553843565129,0,"0","0",NA,"simpleRSA","no",1
"126",0.214870310755396,0.33333,"0","0",NA,"simpleRSA","no",1
"127",0.771529346209773,1,"0","0",NA,"simpleRSA","no",1
"128",0.228470653790227,0,"0","0",NA,"simpleRSA","no",1
"129",0.693247891133593,0.5,"0","0",NA,"simpleRSA","no",1
"130",0.306752108866407,0.5,"0","0",NA,"simpleRSA","no",1
"131",0.875811700929837,1,"0","0",NA,"simpleRSA","no",1
"132",0.124188299070164,0,"0","0",NA,"simpleRSA","no",1
"133",0.694341276015463,1,"0","0",NA,"simpleRSA","no",1
"134",0.155153155663989,0,"0","0",NA,"simpleRSA","no",1
"135",0.150505568320548,0,"0","0",NA,"simpleRSA","no",1
"136",0.776311093655081,1,"0","0",NA,"simpleRSA","no",1
"137",0.118314182902189,0,"0","0",NA,"simpleRSA","no",1
"138",0.10537472344273,0,"0","0",NA,"simpleRSA","no",1
"139",0.837009411511676,1,"0","0",NA,"simpleRSA","no",1
"140",0.162990588488324,0,"0","0",NA,"simpleRSA","no",1
"141",0.745411852104251,1,"0","0",NA,"simpleRSA","no",1
"142",0.124481367107465,0,"0","0",NA,"simpleRSA","no",1
"143",0.130106780788285,0,"0","0",NA,"simpleRSA","no",1
"144",0.862665562371753,1,"0","0",NA,"simpleRSA","no",1
"145",0.137334437628247,0,"0","0",NA,"simpleRSA","no",1
"146",0.893604202220639,1,"0","0",NA,"simpleRSA","no",1
"147",0.106395797779361,0,"0","0",NA,"simpleRSA","no",1
"148",0.791475796093522,1,"0","0",NA,"simpleRSA","no",1
"149",0.208524203906478,0,"0","0",NA,"simpleRSA","no",1
"150",0.708666964532818,1,"0","0",NA,"simpleRSA","no",1
"151",0.15404450830224,0,"0","0",NA,"simpleRSA","no",1
"152",0.137288527164942,0,"0","0",NA,"simpleRSA","no",1
"153",0.749592254202825,1,"0","0",NA,"simpleRSA","no",1
"154",0.226598221987652,0,"0","0",NA,"simpleRSA","no",1
"155",0.815863097932138,1,"0","0",NA,"simpleRSA","no",1
"156",0.184136902067862,0,"0","0",NA,"simpleRSA","no",1
"157",0.790670359615266,1,"0","0",NA,"simpleRSA","no",1
"158",0.209329640384734,0,"0","0",NA,"simpleRSA","no",1
"159",0.821040954114455,1,"0","0",NA,"simpleRSA","no",1
"160",0.178959045885545,0,"0","0",NA,"simpleRSA","no",1
"161",0.826022668724524,1,"0","0",NA,"simpleRSA","no",1
"162",0.173977331275476,0,"0","0",NA,"simpleRSA","no",1
"163",0.826901101453255,1,"0","0",NA,"simpleRSA","no",1
"164",0.173098898546745,0,"0","0",NA,"simpleRSA","no",1
"165",0.733987541335879,1,"0","0",NA,"simpleRSA","no",1
"166",0.140734555725762,0,"0","0",NA,"simpleRSA","no",1
"167",0.125277902938359,0,"0","0",NA,"simpleRSA","no",1
"168",0.847022049151057,1,"0","0",NA,"simpleRSA","no",1
"169",0.152977950848943,0,"0","0",NA,"simpleRSA","no",1
"170",0.835138990450015,1,"0","0",NA,"simpleRSA","no",1
"171",0.164861009549985,0,"0","0",NA,"simpleRSA","no",1
"172",0.52813443223663,0.584285243091839,"individually_opt","individually_opt",NA,"simpleRSA","no",5
"173",0.2348973992663,0.20785737845408,"individually_opt","individually_opt",NA,"simpleRSA","no",5
"174",0.23696816849707,0.20785737845408,"individually_opt","individually_opt",NA,"simpleRSA","no",5
"175",0.591249030105686,0.584285243091839,"individually_opt","individually_opt",NA,"simpleRSA","no",5
"176",0.207154715716388,0.20785737845408,"individually_opt","individually_opt",NA,"simpleRSA","no",5
"177",0.201596254177926,0.20785737845408,"individually_opt","individually_opt",NA,"simpleRSA","no",5
"178",0.641412044794741,0.70645748348524,"individually_opt","individually_opt",NA,"simpleRSA","no",5
"179",0.358587955205259,0.29354251651476,"individually_opt","individually_opt",NA,"simpleRSA","no",5
"180",0.553668707729589,0.587958285634801,"individually_opt","individually_opt",NA,"simpleRSA","no",5
"181",0.229181461352053,0.2060208571826,"individually_opt","individually_opt",NA,"simpleRSA","no",5
"182",0.217149830918357,0.2060208571826,"individually_opt","individually_opt",NA,"simpleRSA","no",5
"183",0.687253842988556,0.660557749110836,"individually_opt","individually_opt",NA,"simpleRSA","no",5
"184",0.312746157011444,0.339442250889164,"individually_opt","individually_opt",NA,"simpleRSA","no",5
"185",0.664840132931327,0.660557749110836,"individually_opt","individually_opt",NA,"simpleRSA","no",5
"186",0.335159867068673,0.339442250889164,"individually_opt","individually_opt",NA,"simpleRSA","no",5
"187",0.624021260423737,0.624877094634364,"individually_opt","individually_opt",NA,"simpleRSA","no",5
"188",0.375978739576263,0.375122905365636,"individually_opt","individually_opt",NA,"simpleRSA","no",5
"189",0.48851529838035,0.5047493125573,"individually_opt","individually_opt",NA,"simpleRSA","no",5
"190",0.24595646206283,0.24762534372135,"individually_opt","individually_opt",NA,"simpleRSA","no",5
"191",0.26552823955682,0.24762534372135,"individually_opt","individually_opt",NA,"simpleRSA","no",5
"192",0.67750013000299,0.651050125183178,"individually_opt","individually_opt",NA,"simpleRSA","no",5
"193",0.32249986999701,0.348949874816822,"individually_opt","individually_opt",NA,"simpleRSA","no",5
"194",0.63751035000075,0.662424480155522,"individually_opt","individually_opt",NA,"simpleRSA","no",5
"195",0.36248964999925,0.337575519844478,"individually_opt","individually_opt",NA,"simpleRSA","no",5
"196",0.533657351422031,0.582803672888755,"individually_opt","individually_opt",NA,"simpleRSA","no",5
"197",0.466342648577969,0.417196327111245,"individually_opt","individually_opt",NA,"simpleRSA","no",5
"198",0.59451121856879,0.582803672888755,"individually_opt","individually_opt",NA,"simpleRSA","no",5
"199",0.40548878143121,0.417196327111245,"individually_opt","individually_opt",NA,"simpleRSA","no",5
"200",0.684515798686279,0.665929789207243,"individually_opt","individually_opt",NA,"simpleRSA","no",5
"201",0.315484201313721,0.334070210792757,"individually_opt","individually_opt",NA,"simpleRSA","no",5
"202",0.696586845262322,0.665929789207243,"individually_opt","individually_opt",NA,"simpleRSA","no",5
"203",0.303413154737678,0.334070210792757,"individually_opt","individually_opt",NA,"simpleRSA","no",5
"204",0.600925666666667,0.55979899695827,"individually_opt","individually_opt",NA,"simpleRSA","no",5
"205",0.188888666666667,0.220100501520865,"individually_opt","individually_opt",NA,"simpleRSA","no",5
"206",0.210185666666667,0.220100501520865,"individually_opt","individually_opt",NA,"simpleRSA","no",5
"207",0.686344961611835,0.712906776183812,"individually_opt","individually_opt",NA,"simpleRSA","no",5
"208",0.313655038388165,0.287093223816188,"individually_opt","individually_opt",NA,"simpleRSA","no",5
"209",0.672962417484916,0.623611609454001,"individually_opt","individually_opt",NA,"simpleRSA","no",5
"210",0.327037582515084,0.376388390545999,"individually_opt","individually_opt",NA,"simpleRSA","no",5
"211",0.588192659706597,0.59112284546986,"individually_opt","individually_opt",NA,"simpleRSA","no",5
"212",0.175201348306816,0.20443857726507,"individually_opt","individually_opt",NA,"simpleRSA","no",5
"213",0.236605991986587,0.20443857726507,"individually_opt","individually_opt",NA,"simpleRSA","no",5
"214",0.575310685993527,0.59112284546986,"individually_opt","individually_opt",NA,"simpleRSA","no",5
"215",0.213655004830048,0.20443857726507,"individually_opt","individually_opt",NA,"simpleRSA","no",5
"216",0.211034309176425,0.20443857726507,"individually_opt","individually_opt",NA,"simpleRSA","no",5
"217",0.571992130353344,0.552704088230769,"individually_opt","individually_opt",NA,"simpleRSA","no",5
"218",0.428007869646656,0.447295911769231,"individually_opt","individually_opt",NA,"simpleRSA","no",5
"219",0.426702113174978,0.384120622117671,"individually_opt","individually_opt",NA,"simpleRSA","no",5
"220",0.283784314766225,0.307939688941164,"individually_opt","individually_opt",NA,"simpleRSA","no",5
"221",0.289513572058798,0.307939688941164,"individually_opt","individually_opt",NA,"simpleRSA","no",5
"222",0.601794746733083,0.652006076606733,"individually_opt","individually_opt",NA,"simpleRSA","no",5
"223",0.398205253266917,0.347993923393267,"individually_opt","individually_opt",NA,"simpleRSA","no",5
"224",0.65516909770206,0.652006076606733,"individually_opt","individually_opt",NA,"simpleRSA","no",5
"225",0.34483090229794,0.347993923393267,"individually_opt","individually_opt",NA,"simpleRSA","no",5
"226",0.619910468410183,0.58460597187159,"individually_opt","individually_opt",NA,"simpleRSA","no",5
"227",0.380089531589817,0.41539402812841,"individually_opt","individually_opt",NA,"simpleRSA","no",5
"228",0.456091032610326,0.456523912564126,"individually_opt","individually_opt",NA,"simpleRSA","no",5
"229",0.274572608694837,0.271738043717937,"individually_opt","individually_opt",NA,"simpleRSA","no",5
"230",0.269336358694837,0.271738043717937,"individually_opt","individually_opt",NA,"simpleRSA","no",5
"231",0.653236342730355,0.691350863385313,"individually_opt","individually_opt",NA,"simpleRSA","no",5
"232",0.346763657269645,0.308649136614687,"individually_opt","individually_opt",NA,"simpleRSA","no",5
"233",0.703176179662245,0.714100025469761,"individually_opt","individually_opt",NA,"simpleRSA","no",5
"234",0.296823820337755,0.285899974530239,"individually_opt","individually_opt",NA,"simpleRSA","no",5
"235",0.67735204495902,0.662342408452659,"individually_opt","individually_opt",NA,"simpleRSA","no",5
"236",0.32264795504098,0.337657591547341,"individually_opt","individually_opt",NA,"simpleRSA","no",5
"237",0.649999355003397,0.662342408452659,"individually_opt","individually_opt",NA,"simpleRSA","no",5
"238",0.350000644996602,0.337657591547341,"individually_opt","individually_opt",NA,"simpleRSA","no",5
"239",0.589200502932817,0.59238745295617,"individually_opt","individually_opt",NA,"simpleRSA","no",5
"240",0.410799497067183,0.40761254704383,"individually_opt","individually_opt",NA,"simpleRSA","no",5
"241",0.585121371681928,0.59238745295617,"individually_opt","individually_opt",NA,"simpleRSA","no",5
"242",0.414878628318072,0.40761254704383,"individually_opt","individually_opt",NA,"simpleRSA","no",5
"243",0.554576123612118,0.549219707971609,"individually_opt","individually_opt",NA,"simpleRSA","no",5
"244",0.223159455995736,0.225390146014196,"individually_opt","individually_opt",NA,"simpleRSA","no",5
"245",0.222264420392145,0.225390146014196,"individually_opt","individually_opt",NA,"simpleRSA","no",5
"246",0.681702979277588,0.66843437163028,"individually_opt","individually_opt",NA,"simpleRSA","no",5
"247",0.318297020722412,0.33156562836972,"individually_opt","individually_opt",NA,"simpleRSA","no",5
"248",0.517007003566104,0.527249762789462,"individually_opt","individually_opt",NA,"simpleRSA","no",5
"249",0.482992996433896,0.472750237210538,"individually_opt","individually_opt",NA,"simpleRSA","no",5
"250",0.595630310406926,0.617790367810872,"individually_opt","individually_opt",NA,"simpleRSA","no",5
"251",0.148041477522965,0.125828398933229,"individually_opt","individually_opt",NA,"simpleRSA","no",5
"252",0.256328212070108,0.256381233255899,"individually_opt","individually_opt",NA,"simpleRSA","no",5
"253",0.649204319355159,0.617790367810872,"individually_opt","individually_opt",NA,"simpleRSA","no",5
"254",0.124610578401297,0.125828398933229,"individually_opt","individually_opt",NA,"simpleRSA","no",5
"255",0.226185102243544,0.256381233255899,"individually_opt","individually_opt",NA,"simpleRSA","no",5
"256",0.815307375868863,0.80688116354259,"individually_opt","individually_opt",NA,"simpleRSA","no",5
"257",0.184692624131137,0.19311883645741,"individually_opt","individually_opt",NA,"simpleRSA","no",5
"258",0.58513879002059,0.630302690715232,"individually_opt","individually_opt",NA,"simpleRSA","no",5
"259",0.170989513527867,0.119524225264258,"individually_opt","individually_opt",NA,"simpleRSA","no",5
"260",0.243871696451543,0.25017308402051,"individually_opt","individually_opt",NA,"simpleRSA","no",5
"261",0.790544454058774,0.794831837481376,"individually_opt","individually_opt",NA,"simpleRSA","no",5
"262",0.209455545941226,0.205168162518624,"individually_opt","individually_opt",NA,"simpleRSA","no",5
"263",0.808938743126552,0.794831837481376,"individually_opt","individually_opt",NA,"simpleRSA","no",5
"264",0.191061256873448,0.205168162518624,"individually_opt","individually_opt",NA,"simpleRSA","no",5
"265",0.648721418559514,0.610808844933318,"individually_opt","individually_opt",NA,"simpleRSA","no",5
"266",0.351278581440486,0.389191155066682,"individually_opt","individually_opt",NA,"simpleRSA","no",5
"267",0.666715648066873,0.634362399051523,"individually_opt","individually_opt",NA,"simpleRSA","no",5
"268",0.114112660082399,0.114842659887586,"individually_opt","individually_opt",NA,"simpleRSA","no",5
"269",0.219171691850728,0.250794941060891,"individually_opt","individually_opt",NA,"simpleRSA","no",5
"270",0.663770878169996,0.645710929587796,"individually_opt","individually_opt",NA,"simpleRSA","no",5
"271",0.336229121830004,0.354289070412204,"individually_opt","individually_opt",NA,"simpleRSA","no",5
"272",0.846861990650198,0.832766804792904,"individually_opt","individually_opt",NA,"simpleRSA","no",5
"273",0.153138009349802,0.167233195207096,"individually_opt","individually_opt",NA,"simpleRSA","no",5
"274",0.64303714749452,0.612645578471025,"individually_opt","individually_opt",NA,"simpleRSA","no",5
"275",0.35696285250548,0.387354421528975,"individually_opt","individually_opt",NA,"simpleRSA","no",5
"276",0.65894386044953,0.612645578471025,"individually_opt","individually_opt",NA,"simpleRSA","no",5
"277",0.34105613955047,0.387354421528975,"individually_opt","individually_opt",NA,"simpleRSA","no",5
"278",0.646139456969184,0.58957371252642,"individually_opt","individually_opt",NA,"simpleRSA","no",5
"279",0.353860543030816,0.41042628747358,"individually_opt","individually_opt",NA,"simpleRSA","no",5
"280",0.788195039941917,0.784840232435674,"individually_opt","individually_opt",NA,"simpleRSA","no",5
"281",0.211804960058083,0.215159767564326,"individually_opt","individually_opt",NA,"simpleRSA","no",5
"282",0.793644744706402,0.798511049579102,"individually_opt","individually_opt",NA,"simpleRSA","no",5
"283",0.206355255293598,0.201488950420898,"individually_opt","individually_opt",NA,"simpleRSA","no",5
"284",0.607004268693263,0.604738150556341,"individually_opt","individually_opt",NA,"simpleRSA","no",5
"285",0.151339870892756,0.127125839544744,"individually_opt","individually_opt",NA,"simpleRSA","no",5
"286",0.241655860413981,0.268136009898915,"individually_opt","individually_opt",NA,"simpleRSA","no",5
"287",0.824348176722902,0.789101526137264,"individually_opt","individually_opt",NA,"simpleRSA","no",5
"288",0.175651823277098,0.210898473862736,"individually_opt","individually_opt",NA,"simpleRSA","no",5
"289",0.763842710298115,0.777380329656589,"individually_opt","individually_opt",NA,"simpleRSA","no",5
"290",0.236157289701885,0.222619670343411,"individually_opt","individually_opt",NA,"simpleRSA","no",5
"291",0.783633048108039,0.797099122112738,"individually_opt","individually_opt",NA,"simpleRSA","no",5
"292",0.216366951891961,0.202900877887262,"individually_opt","individually_opt",NA,"simpleRSA","no",5
"293",0.784776951677257,0.797099122112738,"individually_opt","individually_opt",NA,"simpleRSA","no",5
"294",0.215223048322743,0.202900877887262,"individually_opt","individually_opt",NA,"simpleRSA","no",5
"295",0.659591253593314,0.622642930938058,"individually_opt","individually_opt",NA,"simpleRSA","no",5
"296",0.12553843565129,0.125178707297411,"individually_opt","individually_opt",NA,"simpleRSA","no",5
"297",0.214870310755396,0.252178361764531,"individually_opt","individually_opt",NA,"simpleRSA","no",5
"298",0.771529346209773,0.814490245451237,"individually_opt","individually_opt",NA,"simpleRSA","no",5
"299",0.228470653790227,0.185509754548763,"individually_opt","individually_opt",NA,"simpleRSA","no",5
"300",0.693247891133593,0.616993578968745,"individually_opt","individually_opt",NA,"simpleRSA","no",5
"301",0.306752108866407,0.383006421031255,"individually_opt","individually_opt",NA,"simpleRSA","no",5
"302",0.875811700929837,0.832116706947554,"individually_opt","individually_opt",NA,"simpleRSA","no",5
"303",0.124188299070164,0.167883293052446,"individually_opt","individually_opt",NA,"simpleRSA","no",5
"304",0.694341276015463,0.760876451813249,"individually_opt","individually_opt",NA,"simpleRSA","no",5
"305",0.155153155663989,0.119561774093376,"individually_opt","individually_opt",NA,"simpleRSA","no",5
"306",0.150505568320548,0.119561774093376,"individually_opt","individually_opt",NA,"simpleRSA","no",5
"307",0.776311093655081,0.760876451813249,"individually_opt","individually_opt",NA,"simpleRSA","no",5
"308",0.118314182902189,0.119561774093376,"individually_opt","individually_opt",NA,"simpleRSA","no",5
"309",0.10537472344273,0.119561774093376,"individually_opt","individually_opt",NA,"simpleRSA","no",5
"310",0.837009411511676,0.847441763879763,"individually_opt","individually_opt",NA,"simpleRSA","no",5
"311",0.162990588488324,0.152558236120237,"individually_opt","individually_opt",NA,"simpleRSA","no",5
"312",0.745411852104251,0.758343413043332,"individually_opt","individually_opt",NA,"simpleRSA","no",5
"313",0.124481367107465,0.120828293478334,"individually_opt","individually_opt",NA,"simpleRSA","no",5
"314",0.130106780788285,0.120828293478334,"individually_opt","individually_opt",NA,"simpleRSA","no",5
"315",0.862665562371753,0.883712134860092,"individually_opt","individually_opt",NA,"simpleRSA","no",5
"316",0.137334437628247,0.116287865139908,"individually_opt","individually_opt",NA,"simpleRSA","no",5
"317",0.893604202220639,0.883712134860092,"individually_opt","individually_opt",NA,"simpleRSA","no",5
"318",0.106395797779361,0.116287865139908,"individually_opt","individually_opt",NA,"simpleRSA","no",5
"319",0.791475796093522,0.765523603124149,"individually_opt","individually_opt",NA,"simpleRSA","no",5
"320",0.208524203906478,0.234476396875851,"individually_opt","individually_opt",NA,"simpleRSA","no",5
"321",0.708666964532818,0.716729707984498,"individually_opt","individually_opt",NA,"simpleRSA","no",5
"322",0.15404450830224,0.141635146007751,"individually_opt","individually_opt",NA,"simpleRSA","no",5
"323",0.137288527164942,0.141635146007751,"individually_opt","individually_opt",NA,"simpleRSA","no",5
"324",0.749592254202825,0.775327297928827,"individually_opt","individually_opt",NA,"simpleRSA","no",5
"325",0.226598221987652,0.224672702071173,"individually_opt","individually_opt",NA,"simpleRSA","no",5
"326",0.815863097932138,0.834529065340625,"individually_opt","individually_opt",NA,"simpleRSA","no",5
"327",0.184136902067862,0.165470934659375,"individually_opt","individually_opt",NA,"simpleRSA","no",5
"328",0.790670359615266,0.784128232379654,"individually_opt","individually_opt",NA,"simpleRSA","no",5
"329",0.209329640384734,0.215871767620346,"individually_opt","individually_opt",NA,"simpleRSA","no",5
"330",0.821040954114455,0.784128232379654,"individually_opt","individually_opt",NA,"simpleRSA","no",5
"331",0.178959045885545,0.215871767620346,"individually_opt","individually_opt",NA,"simpleRSA","no",5
"332",0.826022668724524,0.808714718888069,"individually_opt","individually_opt",NA,"simpleRSA","no",5
"333",0.173977331275476,0.191285281111931,"individually_opt","individually_opt",NA,"simpleRSA","no",5
"334",0.826901101453255,0.808714718888069,"individually_opt","individually_opt",NA,"simpleRSA","no",5
"335",0.173098898546745,0.191285281111931,"individually_opt","individually_opt",NA,"simpleRSA","no",5
"336",0.733987541335879,0.764996006511652,"individually_opt","individually_opt",NA,"simpleRSA","no",5
"337",0.140734555725762,0.117501996744174,"individually_opt","individually_opt",NA,"simpleRSA","no",5
"338",0.125277902938359,0.117501996744174,"individually_opt","individually_opt",NA,"simpleRSA","no",5
"339",0.847022049151057,0.860853366330897,"individually_opt","individually_opt",NA,"simpleRSA","no",5
"340",0.152977950848943,0.139146633669103,"individually_opt","individually_opt",NA,"simpleRSA","no",5
"341",0.835138990450015,0.818470415654031,"individually_opt","individually_opt",NA,"simpleRSA","no",5
"342",0.164861009549985,0.181529584345969,"individually_opt","individually_opt",NA,"simpleRSA","no",5
"343",0.52813443223663,0.590656935128085,"individually_opt","individually_opt",NA,"simpleRSA","yes",8
"344",0.2348973992663,0.204671532435958,"individually_opt","individually_opt",NA,"simpleRSA","yes",8
"345",0.23696816849707,0.204671532435958,"individually_opt","individually_opt",NA,"simpleRSA","yes",8
"346",0.591249030105686,0.590656935128085,"individually_opt","individually_opt",NA,"simpleRSA","yes",8
"347",0.207154715716388,0.204671532435958,"individually_opt","individually_opt",NA,"simpleRSA","yes",8
"348",0.201596254177926,0.204671532435958,"individually_opt","individually_opt",NA,"simpleRSA","yes",8
"349",0.641412044794741,0.716965265812177,"individually_opt","individually_opt",NA,"simpleRSA","yes",8
"350",0.358587955205259,0.283034734187823,"individually_opt","individually_opt",NA,"simpleRSA","yes",8
"351",0.553668707729589,0.603740575805858,"individually_opt","individually_opt",NA,"simpleRSA","yes",8
"352",0.229181461352053,0.198129712097071,"individually_opt","individually_opt",NA,"simpleRSA","yes",8
"353",0.217149830918357,0.198129712097071,"individually_opt","individually_opt",NA,"simpleRSA","yes",8
"354",0.687253842988556,0.662329207704155,"individually_opt","individually_opt",NA,"simpleRSA","yes",8
"355",0.312746157011444,0.337670792295845,"individually_opt","individually_opt",NA,"simpleRSA","yes",8
"356",0.664840132931327,0.662329207704155,"individually_opt","individually_opt",NA,"simpleRSA","yes",8
"357",0.335159867068673,0.337670792295845,"individually_opt","individually_opt",NA,"simpleRSA","yes",8
"358",0.624021260423737,0.623040755814343,"individually_opt","individually_opt",NA,"simpleRSA","yes",8
"359",0.375978739576263,0.376959244185657,"individually_opt","individually_opt",NA,"simpleRSA","yes",8
"360",0.48851529838035,0.504476818608074,"individually_opt","individually_opt",NA,"simpleRSA","yes",8
"361",0.24595646206283,0.247761590695963,"individually_opt","individually_opt",NA,"simpleRSA","yes",8
"362",0.26552823955682,0.247761590695963,"individually_opt","individually_opt",NA,"simpleRSA","yes",8
"363",0.67750013000299,0.65575583849198,"individually_opt","individually_opt",NA,"simpleRSA","yes",8
"364",0.32249986999701,0.34424416150802,"individually_opt","individually_opt",NA,"simpleRSA","yes",8
"365",0.63751035000075,0.66767889329035,"individually_opt","individually_opt",NA,"simpleRSA","yes",8
"366",0.36248964999925,0.33232110670965,"individually_opt","individually_opt",NA,"simpleRSA","yes",8
"367",0.533657351422031,0.588724331533594,"individually_opt","individually_opt",NA,"simpleRSA","yes",8
"368",0.466342648577969,0.411275668466406,"individually_opt","individually_opt",NA,"simpleRSA","yes",8
"369",0.59451121856879,0.588724331533594,"individually_opt","individually_opt",NA,"simpleRSA","yes",8
"370",0.40548878143121,0.411275668466406,"individually_opt","individually_opt",NA,"simpleRSA","yes",8
"371",0.684515798686279,0.662192156477225,"individually_opt","individually_opt",NA,"simpleRSA","yes",8
"372",0.315484201313721,0.337807843522775,"individually_opt","individually_opt",NA,"simpleRSA","yes",8
"373",0.696586845262322,0.662192156477225,"individually_opt","individually_opt",NA,"simpleRSA","yes",8
"374",0.303413154737678,0.337807843522775,"individually_opt","individually_opt",NA,"simpleRSA","yes",8
"375",0.600925666666667,0.55356993580794,"individually_opt","individually_opt",NA,"simpleRSA","yes",8
"376",0.188888666666667,0.22321503209603,"individually_opt","individually_opt",NA,"simpleRSA","yes",8
"377",0.210185666666667,0.22321503209603,"individually_opt","individually_opt",NA,"simpleRSA","yes",8
"378",0.686344961611835,0.713207209546708,"individually_opt","individually_opt",NA,"simpleRSA","yes",8
"379",0.313655038388165,0.286792790453292,"individually_opt","individually_opt",NA,"simpleRSA","yes",8
"380",0.672962417484916,0.620890868676297,"individually_opt","individually_opt",NA,"simpleRSA","yes",8
"381",0.327037582515084,0.379109131323703,"individually_opt","individually_opt",NA,"simpleRSA","yes",8
"382",0.588192659706597,0.594048836446288,"individually_opt","individually_opt",NA,"simpleRSA","yes",8
"383",0.175201348306816,0.202975581776856,"individually_opt","individually_opt",NA,"simpleRSA","yes",8
"384",0.236605991986587,0.202975581776856,"individually_opt","individually_opt",NA,"simpleRSA","yes",8
"385",0.575310685993527,0.594048836446288,"individually_opt","individually_opt",NA,"simpleRSA","yes",8
"386",0.213655004830048,0.202975581776856,"individually_opt","individually_opt",NA,"simpleRSA","yes",8
"387",0.211034309176425,0.202975581776856,"individually_opt","individually_opt",NA,"simpleRSA","yes",8
"388",0.571992130353344,0.554240741548727,"individually_opt","individually_opt",NA,"simpleRSA","yes",8
"389",0.428007869646656,0.445759258451273,"individually_opt","individually_opt",NA,"simpleRSA","yes",8
"390",0.426702113174978,0.385225753786299,"individually_opt","individually_opt",NA,"simpleRSA","yes",8
"391",0.283784314766225,0.30738712310685,"individually_opt","individually_opt",NA,"simpleRSA","yes",8
"392",0.289513572058798,0.30738712310685,"individually_opt","individually_opt",NA,"simpleRSA","yes",8
"393",0.601794746733083,0.663732087243623,"individually_opt","individually_opt",NA,"simpleRSA","yes",8
"394",0.398205253266917,0.336267912756377,"individually_opt","individually_opt",NA,"simpleRSA","yes",8
"395",0.65516909770206,0.663732087243623,"individually_opt","individually_opt",NA,"simpleRSA","yes",8
"396",0.34483090229794,0.336267912756377,"individually_opt","individually_opt",NA,"simpleRSA","yes",8
"397",0.619910468410183,0.583284271078645,"individually_opt","individually_opt",NA,"simpleRSA","yes",8
"398",0.380089531589817,0.416715728921355,"individually_opt","individually_opt",NA,"simpleRSA","yes",8
"399",0.456091032610326,0.453767772209778,"individually_opt","individually_opt",NA,"simpleRSA","yes",8
"400",0.274572608694837,0.273116113895111,"individually_opt","individually_opt",NA,"simpleRSA","yes",8
"401",0.269336358694837,0.273116113895111,"individually_opt","individually_opt",NA,"simpleRSA","yes",8
"402",0.653236342730355,0.704567019741756,"individually_opt","individually_opt",NA,"simpleRSA","yes",8
"403",0.346763657269645,0.295432980258244,"individually_opt","individually_opt",NA,"simpleRSA","yes",8
"404",0.703176179662245,0.729958378008745,"individually_opt","individually_opt",NA,"simpleRSA","yes",8
"405",0.296823820337755,0.270041621991255,"individually_opt","individually_opt",NA,"simpleRSA","yes",8
"406",0.67735204495902,0.665648077056168,"individually_opt","individually_opt",NA,"simpleRSA","yes",8
"407",0.32264795504098,0.334351922943832,"individually_opt","individually_opt",NA,"simpleRSA","yes",8
"408",0.649999355003397,0.665648077056168,"individually_opt","individually_opt",NA,"simpleRSA","yes",8
"409",0.350000644996602,0.334351922943832,"individually_opt","individually_opt",NA,"simpleRSA","yes",8
"410",0.589200502932817,0.594674573513316,"individually_opt","individually_opt",NA,"simpleRSA","yes",8
"411",0.410799497067183,0.405325426486684,"individually_opt","individually_opt",NA,"simpleRSA","yes",8
"412",0.585121371681928,0.594674573513316,"individually_opt","individually_opt",NA,"simpleRSA","yes",8
"413",0.414878628318072,0.405325426486684,"individually_opt","individually_opt",NA,"simpleRSA","yes",8
"414",0.554576123612118,0.551379400016948,"individually_opt","individually_opt",NA,"simpleRSA","yes",8
"415",0.223159455995736,0.224310299991526,"individually_opt","individually_opt",NA,"simpleRSA","yes",8
"416",0.222264420392145,0.224310299991526,"individually_opt","individually_opt",NA,"simpleRSA","yes",8
"417",0.681702979277588,0.671089380342956,"individually_opt","individually_opt",NA,"simpleRSA","yes",8
"418",0.318297020722412,0.328910619657044,"individually_opt","individually_opt",NA,"simpleRSA","yes",8
"419",0.517007003566104,0.529371170275177,"individually_opt","individually_opt",NA,"simpleRSA","yes",8
"420",0.482992996433896,0.470628829724823,"individually_opt","individually_opt",NA,"simpleRSA","yes",8
"421",0.595630310406926,0.618442160406641,"individually_opt","individually_opt",NA,"simpleRSA","yes",8
"422",0.148041477522965,0.12463439549633,"individually_opt","individually_opt",NA,"simpleRSA","yes",8
"423",0.256328212070108,0.256923444097028,"individually_opt","individually_opt",NA,"simpleRSA","yes",8
"424",0.649204319355159,0.618442160406641,"individually_opt","individually_opt",NA,"simpleRSA","yes",8
"425",0.124610578401297,0.12463439549633,"individually_opt","individually_opt",NA,"simpleRSA","yes",8
"426",0.226185102243544,0.256923444097028,"individually_opt","individually_opt",NA,"simpleRSA","yes",8
"427",0.815307375868863,0.809336966703872,"individually_opt","individually_opt",NA,"simpleRSA","yes",8
"428",0.184692624131137,0.190663033296128,"individually_opt","individually_opt",NA,"simpleRSA","yes",8
"429",0.58513879002059,0.632923133469552,"individually_opt","individually_opt",NA,"simpleRSA","yes",8
"430",0.170989513527867,0.117025371238709,"individually_opt","individually_opt",NA,"simpleRSA","yes",8
"431",0.243871696451543,0.250051495291739,"individually_opt","individually_opt",NA,"simpleRSA","yes",8
"432",0.790544454058774,0.793406921073212,"individually_opt","individually_opt",NA,"simpleRSA","yes",8
"433",0.209455545941226,0.206593078926788,"individually_opt","individually_opt",NA,"simpleRSA","yes",8
"434",0.808938743126552,0.793406921073212,"individually_opt","individually_opt",NA,"simpleRSA","yes",8
"435",0.191061256873448,0.206593078926788,"individually_opt","individually_opt",NA,"simpleRSA","yes",8
"436",0.648721418559514,0.606820094532129,"individually_opt","individually_opt",NA,"simpleRSA","yes",8
"437",0.351278581440486,0.393179905467871,"individually_opt","individually_opt",NA,"simpleRSA","yes",8
"438",0.666715648066873,0.629823390031544,"individually_opt","individually_opt",NA,"simpleRSA","yes",8
"439",0.114112660082399,0.116539127641997,"individually_opt","individually_opt",NA,"simpleRSA","yes",8
"440",0.219171691850728,0.253637482326459,"individually_opt","individually_opt",NA,"simpleRSA","yes",8
"441",0.663770878169996,0.643872486523937,"individually_opt","individually_opt",NA,"simpleRSA","yes",8
"442",0.336229121830004,0.356127513476063,"individually_opt","individually_opt",NA,"simpleRSA","yes",8
"443",0.846861990650198,0.831201262078905,"individually_opt","individually_opt",NA,"simpleRSA","yes",8
"444",0.153138009349802,0.168798737921095,"individually_opt","individually_opt",NA,"simpleRSA","yes",8
"445",0.64303714749452,0.603303645273392,"individually_opt","individually_opt",NA,"simpleRSA","yes",8
"446",0.35696285250548,0.396696354726608,"individually_opt","individually_opt",NA,"simpleRSA","yes",8
"447",0.65894386044953,0.603303645273392,"individually_opt","individually_opt",NA,"simpleRSA","yes",8
"448",0.34105613955047,0.396696354726608,"individually_opt","individually_opt",NA,"simpleRSA","yes",8
"449",0.646139456969184,0.58701046651344,"individually_opt","individually_opt",NA,"simpleRSA","yes",8
"450",0.353860543030816,0.41298953348656,"individually_opt","individually_opt",NA,"simpleRSA","yes",8
"451",0.788195039941917,0.784142024062165,"individually_opt","individually_opt",NA,"simpleRSA","yes",8
"452",0.211804960058083,0.215857975937835,"individually_opt","individually_opt",NA,"simpleRSA","yes",8
"453",0.793644744706402,0.801872498597229,"individually_opt","individually_opt",NA,"simpleRSA","yes",8
"454",0.206355255293598,0.198127501402771,"individually_opt","individually_opt",NA,"simpleRSA","yes",8
"455",0.607004268693263,0.605074915326151,"individually_opt","individually_opt",NA,"simpleRSA","yes",8
"456",0.151339870892756,0.125384037901418,"individually_opt","individually_opt",NA,"simpleRSA","yes",8
"457",0.241655860413981,0.26954104677243,"individually_opt","individually_opt",NA,"simpleRSA","yes",8
"458",0.824348176722902,0.787094029167536,"individually_opt","individually_opt",NA,"simpleRSA","yes",8
"459",0.175651823277098,0.212905970832464,"individually_opt","individually_opt",NA,"simpleRSA","yes",8
"460",0.763842710298115,0.777008987293608,"individually_opt","individually_opt",NA,"simpleRSA","yes",8
"461",0.236157289701885,0.222991012706392,"individually_opt","individually_opt",NA,"simpleRSA","yes",8
"462",0.783633048108039,0.797734524307963,"individually_opt","individually_opt",NA,"simpleRSA","yes",8
"463",0.216366951891961,0.202265475692037,"individually_opt","individually_opt",NA,"simpleRSA","yes",8
"464",0.784776951677257,0.797734524307963,"individually_opt","individually_opt",NA,"simpleRSA","yes",8
"465",0.215223048322743,0.202265475692037,"individually_opt","individually_opt",NA,"simpleRSA","yes",8
"466",0.659591253593314,0.620394849210725,"individually_opt","individually_opt",NA,"simpleRSA","yes",8
"467",0.12553843565129,0.124955915660967,"individually_opt","individually_opt",NA,"simpleRSA","yes",8
"468",0.214870310755396,0.254649235128308,"individually_opt","individually_opt",NA,"simpleRSA","yes",8
"469",0.771529346209773,0.817999535155004,"individually_opt","individually_opt",NA,"simpleRSA","yes",8
"470",0.228470653790227,0.182000464844996,"individually_opt","individually_opt",NA,"simpleRSA","yes",8
"471",0.693247891133593,0.610324315345843,"individually_opt","individually_opt",NA,"simpleRSA","yes",8
"472",0.306752108866407,0.389675684654157,"individually_opt","individually_opt",NA,"simpleRSA","yes",8
"473",0.875811700929837,0.827892844512514,"individually_opt","individually_opt",NA,"simpleRSA","yes",8
"474",0.124188299070164,0.172107155487486,"individually_opt","individually_opt",NA,"simpleRSA","yes",8
"475",0.694341276015463,0.769353980871866,"individually_opt","individually_opt",NA,"simpleRSA","yes",8
"476",0.155153155663989,0.115323009564067,"individually_opt","individually_opt",NA,"simpleRSA","yes",8
"477",0.150505568320548,0.115323009564067,"individually_opt","individually_opt",NA,"simpleRSA","yes",8
"478",0.776311093655081,0.769353980871866,"individually_opt","individually_opt",NA,"simpleRSA","yes",8
"479",0.118314182902189,0.115323009564067,"individually_opt","individually_opt",NA,"simpleRSA","yes",8
"480",0.10537472344273,0.115323009564067,"individually_opt","individually_opt",NA,"simpleRSA","yes",8
"481",0.837009411511676,0.84941692488781,"individually_opt","individually_opt",NA,"simpleRSA","yes",8
"482",0.162990588488324,0.15058307511219,"individually_opt","individually_opt",NA,"simpleRSA","yes",8
"483",0.745411852104251,0.761106270322923,"individually_opt","individually_opt",NA,"simpleRSA","yes",8
"484",0.124481367107465,0.119446864838539,"individually_opt","individually_opt",NA,"simpleRSA","yes",8
"485",0.130106780788285,0.119446864838539,"individually_opt","individually_opt",NA,"simpleRSA","yes",8
"486",0.862665562371753,0.882256296125593,"individually_opt","individually_opt",NA,"simpleRSA","yes",8
"487",0.137334437628247,0.117743703874407,"individually_opt","individually_opt",NA,"simpleRSA","yes",8
"488",0.893604202220639,0.882256296125593,"individually_opt","individually_opt",NA,"simpleRSA","yes",8
"489",0.106395797779361,0.117743703874407,"individually_opt","individually_opt",NA,"simpleRSA","yes",8
"490",0.791475796093522,0.762405457701123,"individually_opt","individually_opt",NA,"simpleRSA","yes",8
"491",0.208524203906478,0.237594542298877,"individually_opt","individually_opt",NA,"simpleRSA","yes",8
"492",0.708666964532818,0.712924886215681,"individually_opt","individually_opt",NA,"simpleRSA","yes",8
"493",0.15404450830224,0.14353755689216,"individually_opt","individually_opt",NA,"simpleRSA","yes",8
"494",0.137288527164942,0.14353755689216,"individually_opt","individually_opt",NA,"simpleRSA","yes",8
"495",0.749592254202825,0.783984696157323,"individually_opt","individually_opt",NA,"simpleRSA","yes",8
"496",0.226598221987652,0.216015303842677,"individually_opt","individually_opt",NA,"simpleRSA","yes",8
"497",0.815863097932138,0.841367059830939,"individually_opt","individually_opt",NA,"simpleRSA","yes",8
"498",0.184136902067862,0.158632940169061,"individually_opt","individually_opt",NA,"simpleRSA","yes",8
"499",0.790670359615266,0.779256625426376,"individually_opt","individually_opt",NA,"simpleRSA","yes",8
"500",0.209329640384734,0.220743374573624,"individually_opt","individually_opt",NA,"simpleRSA","yes",8
"501",0.821040954114455,0.779256625426376,"individually_opt","individually_opt",NA,"simpleRSA","yes",8
"502",0.178959045885545,0.220743374573624,"individually_opt","individually_opt",NA,"simpleRSA","yes",8
"503",0.826022668724524,0.806482240651527,"individually_opt","individually_opt",NA,"simpleRSA","yes",8
"504",0.173977331275476,0.193517759348473,"individually_opt","individually_opt",NA,"simpleRSA","yes",8
"505",0.826901101453255,0.806482240651527,"individually_opt","individually_opt",NA,"simpleRSA","yes",8
"506",0.173098898546745,0.193517759348473,"individually_opt","individually_opt",NA,"simpleRSA","yes",8
"507",0.733987541335879,0.769958508149281,"individually_opt","individually_opt",NA,"simpleRSA","yes",8
"508",0.140734555725762,0.115020745925359,"individually_opt","individually_opt",NA,"simpleRSA","yes",8
"509",0.125277902938359,0.115020745925359,"individually_opt","individually_opt",NA,"simpleRSA","yes",8
"510",0.847022049151057,0.863039235814899,"individually_opt","individually_opt",NA,"simpleRSA","yes",8
"511",0.152977950848943,0.136960764185101,"individually_opt","individually_opt",NA,"simpleRSA","yes",8
"512",0.835138990450015,0.819934125425594,"individually_opt","individually_opt",NA,"simpleRSA","yes",8
"513",0.164861009549985,0.180065874574406,"individually_opt","individually_opt",NA,"simpleRSA","yes",8
"514",0.52813443223663,0.333333333333333,"0","0",1,"fullRSA","no",19
"515",0.2348973992663,0.333333333333333,"0","0",1,"fullRSA","no",19
"516",0.23696816849707,0.333333333333333,"0","0",1,"fullRSA","no",19
"517",0.591249030105686,0.333333333333333,"0","0",1,"fullRSA","no",19
"518",0.207154715716388,0.333333333333333,"0","0",1,"fullRSA","no",19
"519",0.201596254177926,0.333333333333333,"0","0",1,"fullRSA","no",19
"520",0.641412044794741,0.5,"0","0",1,"fullRSA","no",19
"521",0.358587955205259,0.5,"0","0",1,"fullRSA","no",19
"522",0.553668707729589,0.333333333333333,"0","0",1,"fullRSA","no",19
"523",0.229181461352053,0.333333333333333,"0","0",1,"fullRSA","no",19
"524",0.217149830918357,0.333333333333333,"0","0",1,"fullRSA","no",19
"525",0.687253842988556,0.5,"0","0",1,"fullRSA","no",19
"526",0.312746157011444,0.5,"0","0",1,"fullRSA","no",19
"527",0.664840132931327,0.5,"0","0",1,"fullRSA","no",19
"528",0.335159867068673,0.5,"0","0",1,"fullRSA","no",19
"529",0.624021260423737,0.5,"0","0",1,"fullRSA","no",19
"530",0.375978739576263,0.5,"0","0",1,"fullRSA","no",19
"531",0.48851529838035,0.333333333333333,"0","0",1,"fullRSA","no",19
"532",0.24595646206283,0.333333333333333,"0","0",1,"fullRSA","no",19
"533",0.26552823955682,0.333333333333333,"0","0",1,"fullRSA","no",19
"534",0.67750013000299,0.5,"0","0",1,"fullRSA","no",19
"535",0.32249986999701,0.5,"0","0",1,"fullRSA","no",19
"536",0.63751035000075,0.5,"0","0",1,"fullRSA","no",19
"537",0.36248964999925,0.5,"0","0",1,"fullRSA","no",19
"538",0.533657351422031,0.5,"0","0",1,"fullRSA","no",19
"539",0.466342648577969,0.5,"0","0",1,"fullRSA","no",19
"540",0.59451121856879,0.5,"0","0",1,"fullRSA","no",19
"541",0.40548878143121,0.5,"0","0",1,"fullRSA","no",19
"542",0.684515798686279,0.5,"0","0",1,"fullRSA","no",19
"543",0.315484201313721,0.5,"0","0",1,"fullRSA","no",19
"544",0.696586845262322,0.5,"0","0",1,"fullRSA","no",19
"545",0.303413154737678,0.5,"0","0",1,"fullRSA","no",19
"546",0.600925666666667,0.333333333333333,"0","0",1,"fullRSA","no",19
"547",0.188888666666667,0.333333333333333,"0","0",1,"fullRSA","no",19
"548",0.210185666666667,0.333333333333333,"0","0",1,"fullRSA","no",19
"549",0.686344961611835,0.5,"0","0",1,"fullRSA","no",19
"550",0.313655038388165,0.5,"0","0",1,"fullRSA","no",19
"551",0.672962417484916,0.5,"0","0",1,"fullRSA","no",19
"552",0.327037582515084,0.5,"0","0",1,"fullRSA","no",19
"553",0.588192659706597,0.333333333333333,"0","0",1,"fullRSA","no",19
"554",0.175201348306816,0.333333333333333,"0","0",1,"fullRSA","no",19
"555",0.236605991986587,0.333333333333333,"0","0",1,"fullRSA","no",19
"556",0.575310685993527,0.333333333333333,"0","0",1,"fullRSA","no",19
"557",0.213655004830048,0.333333333333333,"0","0",1,"fullRSA","no",19
"558",0.211034309176425,0.333333333333333,"0","0",1,"fullRSA","no",19
"559",0.571992130353344,0.5,"0","0",1,"fullRSA","no",19
"560",0.428007869646656,0.5,"0","0",1,"fullRSA","no",19
"561",0.426702113174978,0.333333333333333,"0","0",1,"fullRSA","no",19
"562",0.283784314766225,0.333333333333333,"0","0",1,"fullRSA","no",19
"563",0.289513572058798,0.333333333333333,"0","0",1,"fullRSA","no",19
"564",0.601794746733083,0.5,"0","0",1,"fullRSA","no",19
"565",0.398205253266917,0.5,"0","0",1,"fullRSA","no",19
"566",0.65516909770206,0.5,"0","0",1,"fullRSA","no",19
"567",0.34483090229794,0.5,"0","0",1,"fullRSA","no",19
"568",0.619910468410183,0.5,"0","0",1,"fullRSA","no",19
"569",0.380089531589817,0.5,"0","0",1,"fullRSA","no",19
"570",0.456091032610326,0.333333333333333,"0","0",1,"fullRSA","no",19
"571",0.274572608694837,0.333333333333333,"0","0",1,"fullRSA","no",19
"572",0.269336358694837,0.333333333333333,"0","0",1,"fullRSA","no",19
"573",0.653236342730355,0.5,"0","0",1,"fullRSA","no",19
"574",0.346763657269645,0.5,"0","0",1,"fullRSA","no",19
"575",0.703176179662245,0.5,"0","0",1,"fullRSA","no",19
"576",0.296823820337755,0.5,"0","0",1,"fullRSA","no",19
"577",0.67735204495902,0.5,"0","0",1,"fullRSA","no",19
"578",0.32264795504098,0.5,"0","0",1,"fullRSA","no",19
"579",0.649999355003397,0.5,"0","0",1,"fullRSA","no",19
"580",0.350000644996602,0.5,"0","0",1,"fullRSA","no",19
"581",0.589200502932817,0.5,"0","0",1,"fullRSA","no",19
"582",0.410799497067183,0.5,"0","0",1,"fullRSA","no",19
"583",0.585121371681928,0.5,"0","0",1,"fullRSA","no",19
"584",0.414878628318072,0.5,"0","0",1,"fullRSA","no",19
"585",0.554576123612118,0.333333333333333,"0","0",1,"fullRSA","no",19
"586",0.223159455995736,0.333333333333333,"0","0",1,"fullRSA","no",19
"587",0.222264420392145,0.333333333333333,"0","0",1,"fullRSA","no",19
"588",0.681702979277588,0.5,"0","0",1,"fullRSA","no",19
"589",0.318297020722412,0.5,"0","0",1,"fullRSA","no",19
"590",0.517007003566104,0.5,"0","0",1,"fullRSA","no",19
"591",0.482992996433896,0.5,"0","0",1,"fullRSA","no",19
"592",0.595630310406926,0.66667,"0","0",1,"fullRSA","no",19
"593",0.148041477522965,0,"0","0",1,"fullRSA","no",19
"594",0.256328212070108,0.33333,"0","0",1,"fullRSA","no",19
"595",0.649204319355159,0.66667,"0","0",1,"fullRSA","no",19
"596",0.124610578401297,0,"0","0",1,"fullRSA","no",19
"597",0.226185102243544,0.33333,"0","0",1,"fullRSA","no",19
"598",0.815307375868863,1,"0","0",1,"fullRSA","no",19
"599",0.184692624131137,0,"0","0",1,"fullRSA","no",19
"600",0.58513879002059,0.69231,"0","0",1,"fullRSA","no",19
"601",0.170989513527867,0,"0","0",1,"fullRSA","no",19
"602",0.243871696451543,0.30769,"0","0",1,"fullRSA","no",19
"603",0.790544454058774,1,"0","0",1,"fullRSA","no",19
"604",0.209455545941226,0,"0","0",1,"fullRSA","no",19
"605",0.808938743126552,1,"0","0",1,"fullRSA","no",19
"606",0.191061256873448,0,"0","0",1,"fullRSA","no",19
"607",0.648721418559514,0.5,"0","0",1,"fullRSA","no",19
"608",0.351278581440486,0.5,"0","0",1,"fullRSA","no",19
"609",0.666715648066873,0.66667,"0","0",1,"fullRSA","no",19
"610",0.114112660082399,0,"0","0",1,"fullRSA","no",19
"611",0.219171691850728,0.33333,"0","0",1,"fullRSA","no",19
"612",0.663770878169996,0.5,"0","0",1,"fullRSA","no",19
"613",0.336229121830004,0.5,"0","0",1,"fullRSA","no",19
"614",0.846861990650198,1,"0","0",1,"fullRSA","no",19
"615",0.153138009349802,0,"0","0",1,"fullRSA","no",19
"616",0.64303714749452,0.5,"0","0",1,"fullRSA","no",19
"617",0.35696285250548,0.5,"0","0",1,"fullRSA","no",19
"618",0.65894386044953,0.5,"0","0",1,"fullRSA","no",19
"619",0.34105613955047,0.5,"0","0",1,"fullRSA","no",19
"620",0.646139456969184,0.5,"0","0",1,"fullRSA","no",19
"621",0.353860543030816,0.5,"0","0",1,"fullRSA","no",19
"622",0.788195039941917,1,"0","0",1,"fullRSA","no",19
"623",0.211804960058083,0,"0","0",1,"fullRSA","no",19
"624",0.793644744706402,1,"0","0",1,"fullRSA","no",19
"625",0.206355255293598,0,"0","0",1,"fullRSA","no",19
"626",0.607004268693263,0.64286,"0","0",1,"fullRSA","no",19
"627",0.151339870892756,0,"0","0",1,"fullRSA","no",19
"628",0.241655860413981,0.35714,"0","0",1,"fullRSA","no",19
"629",0.824348176722902,1,"0","0",1,"fullRSA","no",19
"630",0.175651823277098,0,"0","0",1,"fullRSA","no",19
"631",0.763842710298115,1,"0","0",1,"fullRSA","no",19
"632",0.236157289701885,0,"0","0",1,"fullRSA","no",19
"633",0.783633048108039,1,"0","0",1,"fullRSA","no",19
"634",0.216366951891961,0,"0","0",1,"fullRSA","no",19
"635",0.784776951677257,1,"0","0",1,"fullRSA","no",19
"636",0.215223048322743,0,"0","0",1,"fullRSA","no",19
"637",0.659591253593314,0.66667,"0","0",1,"fullRSA","no",19
"638",0.12553843565129,0,"0","0",1,"fullRSA","no",19
"639",0.214870310755396,0.33333,"0","0",1,"fullRSA","no",19
"640",0.771529346209773,1,"0","0",1,"fullRSA","no",19
"641",0.228470653790227,0,"0","0",1,"fullRSA","no",19
"642",0.693247891133593,0.5,"0","0",1,"fullRSA","no",19
"643",0.306752108866407,0.5,"0","0",1,"fullRSA","no",19
"644",0.875811700929837,1,"0","0",1,"fullRSA","no",19
"645",0.124188299070164,0,"0","0",1,"fullRSA","no",19
"646",0.694341276015463,1,"0","0",1,"fullRSA","no",19
"647",0.155153155663989,0,"0","0",1,"fullRSA","no",19
"648",0.150505568320548,0,"0","0",1,"fullRSA","no",19
"649",0.776311093655081,1,"0","0",1,"fullRSA","no",19
"650",0.118314182902189,0,"0","0",1,"fullRSA","no",19
"651",0.10537472344273,0,"0","0",1,"fullRSA","no",19
"652",0.837009411511676,1,"0","0",1,"fullRSA","no",19
"653",0.162990588488324,0,"0","0",1,"fullRSA","no",19
"654",0.745411852104251,1,"0","0",1,"fullRSA","no",19
"655",0.124481367107465,0,"0","0",1,"fullRSA","no",19
"656",0.130106780788285,0,"0","0",1,"fullRSA","no",19
"657",0.862665562371753,1,"0","0",1,"fullRSA","no",19
"658",0.137334437628247,0,"0","0",1,"fullRSA","no",19
"659",0.893604202220639,1,"0","0",1,"fullRSA","no",19
"660",0.106395797779361,0,"0","0",1,"fullRSA","no",19
"661",0.791475796093522,1,"0","0",1,"fullRSA","no",19
"662",0.208524203906478,0,"0","0",1,"fullRSA","no",19
"663",0.708666964532818,1,"0","0",1,"fullRSA","no",19
"664",0.15404450830224,0,"0","0",1,"fullRSA","no",19
"665",0.137288527164942,0,"0","0",1,"fullRSA","no",19
"666",0.749592254202825,1,"0","0",1,"fullRSA","no",19
"667",0.226598221987652,0,"0","0",1,"fullRSA","no",19
"668",0.815863097932138,1,"0","0",1,"fullRSA","no",19
"669",0.184136902067862,0,"0","0",1,"fullRSA","no",19
"670",0.790670359615266,1,"0","0",1,"fullRSA","no",19
"671",0.209329640384734,0,"0","0",1,"fullRSA","no",19
"672",0.821040954114455,1,"0","0",1,"fullRSA","no",19
"673",0.178959045885545,0,"0","0",1,"fullRSA","no",19
"674",0.826022668724524,1,"0","0",1,"fullRSA","no",19
"675",0.173977331275476,0,"0","0",1,"fullRSA","no",19
"676",0.826901101453255,1,"0","0",1,"fullRSA","no",19
"677",0.173098898546745,0,"0","0",1,"fullRSA","no",19
"678",0.733987541335879,1,"0","0",1,"fullRSA","no",19
"679",0.140734555725762,0,"0","0",1,"fullRSA","no",19
"680",0.125277902938359,0,"0","0",1,"fullRSA","no",19
"681",0.847022049151057,1,"0","0",1,"fullRSA","no",19
"682",0.152977950848943,0,"0","0",1,"fullRSA","no",19
"683",0.835138990450015,1,"0","0",1,"fullRSA","no",19
"684",0.164861009549985,0,"0","0",1,"fullRSA","no",19
